"Pkg","Cls","Created count","Total created time","Total created time(ms)","Total created time(%)","Max created time(ms)","Avg created time(ms)","Resumed count","Total resumed time","Total resumed time(ms)","Total resumed time(%)","Max resumed time(ms)","Avg resumed time(ms)"
"113153850","","1","3m0s209ms","180209","100%","180209","180209","1","23s288ms","23288","12%","23288","23288"
"151882761","","1","3m0s209ms","180209","100%","180209","180209","1","1m37s494ms","97494","54%","97494","97494"
"3039191","","1","3m0s209ms","180209","100%","180209","180209","1","2m19s873ms","139873","77%","139873","139873"
"157670239","","1","3m0s209ms","180209","100%","180209","180209","1","2m23s452ms","143452","79%","143452","143452"
"253197417","","1","3m0s209ms","180209","100%","180209","180209","1","24s28ms","24028","13%","24028","24028"
"81862326","","1","3m0s209ms","180209","100%","180209","180209","1","2m5s199ms","125199","69%","125199","125199"
"124376271","","1","3m0s209ms","180209","100%","180209","180209","1","2m4s672ms","124672","69%","124672","124672"
"146198123","","1","3m0s209ms","180209","100%","180209","180209","1","2m7s793ms","127793","70%","127793","127793"
"127532874","","1","3m0s209ms","180209","100%","180209","180209","1","2m21s806ms","141806","78%","141806","141806"
"73584945","","1","3m0s209ms","180209","100%","180209","180209","1","2m6s267ms","126267","70%","126267","126267"
"62748144","","1","3m0s209ms","180209","100%","180209","180209","1","1m25s786ms","85786","47%","85786","85786"
"244566913","","1","3m0s209ms","180209","100%","180209","180209","1","2m7s396ms","127396","70%","127396","127396"
"21383072","","1","3m0s209ms","180209","100%","180209","180209","1","2m2s733ms","122733","68%","122733","122733"
"27542118","","1","3m0s209ms","180209","100%","180209","180209","1","2m30s538ms","150538","83%","150538","150538"
"44015826","","1","3m0s209ms","180209","100%","180209","180209","1","2m28s255ms","148255","82%","148255","148255"
"248648692","","1","3m0s209ms","180209","100%","180209","180209","3","1m4s234ms","64234","35%","64234","21411"
"10","","35","2m31s18ms","151018","83%","125722","4314","1","57s459ms","57459","31%","57459","57459"
"61223586","","1","3m0s209ms","180209","100%","180209","180209","1","2m12s876ms","132876","73%","132876","132876"
"11","","1","6s678ms","6678","3%","6678","6678","0","0ms","0","0%","0",""
"12","","2","6s703ms","6703","3%","5923","3351","1","6s546ms","6546","3%","6546","6546"
"31607189","","1","3m0s209ms","180209","100%","180209","180209","1","2m22s669ms","142669","79%","142669","142669"
"60546334","","1","3m0s209ms","180209","100%","180209","180209","7","1m1s401ms","61401","34%","61401","8771"
"24392144","","1","3m0s209ms","180209","100%","180209","180209","1","2m28s839ms","148839","82%","148839","148839"
"233359740","","1","3m0s209ms","180209","100%","180209","180209","1","2m23s20ms","143020","79%","143020","143020"
"244735531","","1","3m0s209ms","180209","100%","180209","180209","1","2m9s88ms","129088","71%","129088","129088"
"192740589","","1","3m0s209ms","180209","100%","180209","180209","1","2m53s653ms","173653","96%","173653","173653"
"211721209","","1","3m0s209ms","180209","100%","180209","180209","1","2m5s486ms","125486","69%","125486","125486"
"67942612","","1","3m0s209ms","180209","100%","180209","180209","2","2m53s399ms","173399","96%","173399","86699"
"1","","1","411ms","411","0%","411","411","0","0ms","0","0%","0",""
"2","","1","4s39ms","4039","2%","4039","4039","0","0ms","0","0%","0",""
"183160269","","1","3m0s209ms","180209","100%","180209","180209","1","21s444ms","21444","11%","21444","21444"
"3","","1","2s253ms","2253","1%","2253","2253","0","0ms","0","0%","0",""
"4","","1","2m36s144ms","156144","86%","156144","156144","0","0ms","0","0%","0",""
"5","","1","2m35s788ms","155788","86%","155788","155788","1","1m46s391ms","106391","59%","106391","106391"
"6","","1","24s395ms","24395","13%","24395","24395","1","1m53s999ms","113999","63%","113999","113999"
"176598211","","1","3m0s209ms","180209","100%","180209","180209","35","2m1s848ms","121848","67%","121848","3481"
"7","","1","1m35s753ms","95753","53%","95753","95753","0","0ms","0","0%","0",""
"11048375","","1","3m0s209ms","180209","100%","180209","180209","1","2m20s571ms","140571","78%","140571","140571"
"8","","2","1m48s411ms","108411","60%","99427","54205","1","1m22s199ms","82199","45%","82199","82199"
"9","","1","19s846ms","19846","11%","19846","19846","0","0ms","0","0%","0",""
"80095708","","1","3m0s209ms","180209","100%","180209","180209","1","1m33s268ms","93268","51%","93268","93268"
"30064773","","1","3m0s209ms","180209","100%","180209","180209","1","2m3s835ms","123835","68%","123835","123835"
"227606628","","1","3m0s209ms","180209","100%","180209","180209","1","2m18s671ms","138671","76%","138671","138671"
"28895745","","1","3m0s209ms","180209","100%","180209","180209","1","2m52s620ms","172620","95%","172620","172620"
"256143000","","1","3m0s209ms","180209","100%","180209","180209","1","2m7s641ms","127641","70%","127641","127641"
"55287962","","1","3m0s209ms","180209","100%","180209","180209","1","2m10s766ms","130766","72%","130766","130766"
"48516142","","1","3m0s209ms","180209","100%","180209","180209","1","2m9s404ms","129404","71%","129404","129404"
"206367155","","1","3m0s209ms","180209","100%","180209","180209","1","2m27s436ms","147436","81%","147436","147436"
"173592314","","1","3m0s209ms","180209","100%","180209","180209","1","2m22s254ms","142254","78%","142254","142254"
"195262860","","1","3m0s209ms","180209","100%","180209","180209","1","2m10s491ms","130491","72%","130491","130491"
"161048737","","1","3m0s209ms","180209","100%","180209","180209","1","2m6s600ms","126600","70%","126600","126600"
"43176676","","1","3m0s209ms","180209","100%","180209","180209","1","1m5s691ms","65691","36%","65691","65691"
"227013206","","1","3m0s209ms","180209","100%","180209","180209","1","1m44s53ms","104053","57%","104053","104053"
"45773880","","1","3m0s209ms","180209","100%","180209","180209","1","2m6s918ms","126918","70%","126918","126918"
"225766342","","1","3m0s209ms","180209","100%","180209","180209","1","2m31s768ms","151768","84%","151768","151768"
"28229126","","1","3m0s209ms","180209","100%","180209","180209","1","2m20s142ms","140142","77%","140142","140142"
"157440591","","1","3m0s209ms","180209","100%","180209","180209","1","2m23s825ms","143825","79%","143825","143825"
"169454982","","1","3m0s209ms","180209","100%","180209","180209","1","2m8s519ms","128519","71%","128519","128519"
"228928491","","1","3m0s209ms","180209","100%","180209","180209","1","2m29s653ms","149653","83%","149653","149653"
"107348156","","1","3m0s209ms","180209","100%","180209","180209","1","2m21s523ms","141523","78%","141523","141523"
"46981028","","1","3m0s209ms","180209","100%","180209","180209","1","24s403ms","24403","13%","24403","24403"
